images,masks
images/17428750_15.png,masks/17428750_15.png
images/23279080_15.png,masks/23279080_15.png
images/24179185_15.png,masks/24179185_15.png
images/24179035_15.png,masks/24179035_15.png
images/11128810_15.png,masks/11128810_15.png
images/11278645_15.png,masks/11278645_15.png
images/11428660_15.png,masks/11428660_15.png
images/15928915_15.png,masks/15928915_15.png
images/23428900_15.png,masks/23428900_15.png
images/17278885_15.png,masks/17278885_15.png
images/23578990_15.png,masks/23578990_15.png
images/17428735_15.png,masks/17428735_15.png
images/23579125_15.png,masks/23579125_15.png
images/20878945_15.png,masks/20878945_15.png
images/10078735_15.png,masks/10078735_15.png
images/10978660_15.png,masks/10978660_15.png
images/11878750_15.png,masks/11878750_15.png
images/22978945_15.png,masks/22978945_15.png
images/11128885_15.png,masks/11128885_15.png
images/19828915_15.png,masks/19828915_15.png
images/20428975_15.png,masks/20428975_15.png
images/17728885_15.png,masks/17728885_15.png
images/21028945_15.png,masks/21028945_15.png
images/23578585_15.png,masks/23578585_15.png
images/10978885_15.png,masks/10978885_15.png
images/11278660_15.png,masks/11278660_15.png
images/11128705_15.png,masks/11128705_15.png
images/18328720_15.png,masks/18328720_15.png
images/21178945_15.png,masks/21178945_15.png
images/17578855_15.png,masks/17578855_15.png
images/18028720_15.png,masks/18028720_15.png
images/26728720_15.png,masks/26728720_15.png
images/21178900_15.png,masks/21178900_15.png
images/23279035_15.png,masks/23279035_15.png
images/15928930_15.png,masks/15928930_15.png
images/23879080_15.png,masks/23879080_15.png
images/15628870_15.png,masks/15628870_15.png
images/20578945_15.png,masks/20578945_15.png
images/23428525_15.png,masks/23428525_15.png
images/19678630_15.png,masks/19678630_15.png
images/18928720_15.png,masks/18928720_15.png
images/24029230_15.png,masks/24029230_15.png
images/10078675_15.png,masks/10078675_15.png
images/23429170_15.png,masks/23429170_15.png
images/23279170_15.png,masks/23279170_15.png
images/22379080_15.png,masks/22379080_15.png
images/24929275_15.png,masks/24929275_15.png
images/17878930_15.png,masks/17878930_15.png
images/19228735_15.png,masks/19228735_15.png
images/21628930_15.png,masks/21628930_15.png
images/24028810_15.png,masks/24028810_15.png
images/21328975_15.png,masks/21328975_15.png
images/11278765_15.png,masks/11278765_15.png
images/26728705_15.png,masks/26728705_15.png
images/22078945_15.png,masks/22078945_15.png
images/17578720_15.png,masks/17578720_15.png
images/24028495_15.png,masks/24028495_15.png
images/11878705_15.png,masks/11878705_15.png
images/24928900_15.png,masks/24928900_15.png
images/25229185_15.png,masks/25229185_15.png
images/12328735_15.png,masks/12328735_15.png
images/26429275_15.png,masks/26429275_15.png
images/26728735_15.png,masks/26728735_15.png
images/24629215_15.png,masks/24629215_15.png
images/20278975_15.png,masks/20278975_15.png
images/17278960_15.png,masks/17278960_15.png
images/23879020_15.png,masks/23879020_15.png
images/20429005_15.png,masks/20429005_15.png
images/99238675_15.png,masks/99238675_15.png
images/18328900_15.png,masks/18328900_15.png
images/24929260_15.png,masks/24929260_15.png
images/24329275_15.png,masks/24329275_15.png
images/24179095_15.png,masks/24179095_15.png
images/11128765_15.png,masks/11128765_15.png
images/22978975_15.png,masks/22978975_15.png
images/26129290_15.png,masks/26129290_15.png
images/23578510_15.png,masks/23578510_15.png
images/23129125_15.png,masks/23129125_15.png
images/26129275_15.png,masks/26129275_15.png
images/22979455_15.png,masks/22979455_15.png
images/16078855_15.png,masks/16078855_15.png
images/24778885_15.png,masks/24778885_15.png
images/24479260_15.png,masks/24479260_15.png
images/10978705_15.png,masks/10978705_15.png
images/10828780_15.png,masks/10828780_15.png
images/21928975_15.png,masks/21928975_15.png
images/24479245_15.png,masks/24479245_15.png
images/18178900_15.png,masks/18178900_15.png
images/21778900_15.png,masks/21778900_15.png
images/23428945_15.png,masks/23428945_15.png
images/23579020_15.png,masks/23579020_15.png
images/18178705_15.png,masks/18178705_15.png
images/10978945_15.png,masks/10978945_15.png
images/23879035_15.png,masks/23879035_15.png
images/10978870_15.png,masks/10978870_15.png
images/24929290_15.png,masks/24929290_15.png
images/11128840_15.png,masks/11128840_15.png
images/22079005_15.png,masks/22079005_15.png
images/17578945_15.png,masks/17578945_15.png
images/21028960_15.png,masks/21028960_15.png
images/17578930_15.png,masks/17578930_15.png
images/26728675_15.png,masks/26728675_15.png
images/19228750_15.png,masks/19228750_15.png
images/16978915_15.png,masks/16978915_15.png
images/18478975_15.png,masks/18478975_15.png
images/22979035_15.png,masks/22979035_15.png
images/23278990_15.png,masks/23278990_15.png
images/21478915_15.png,masks/21478915_15.png
images/23429020_15.png,masks/23429020_15.png
images/24778795_15.png,masks/24778795_15.png
images/10828810_15.png,masks/10828810_15.png
images/11428675_15.png,masks/11428675_15.png
images/16228945_15.png,masks/16228945_15.png
images/25679245_15.png,masks/25679245_15.png
images/26128735_15.png,masks/26128735_15.png
images/22529440_15.png,masks/22529440_15.png
images/17128900_15.png,masks/17128900_15.png
images/17578975_15.png,masks/17578975_15.png
images/22828990_15.png,masks/22828990_15.png
images/24479290_15.png,masks/24479290_15.png
images/25828765_15.png,masks/25828765_15.png
images/20128900_15.png,masks/20128900_15.png
images/21628915_15.png,masks/21628915_15.png
images/23429005_15.png,masks/23429005_15.png
images/26878705_15.png,masks/26878705_15.png
images/22529035_15.png,masks/22529035_15.png
images/22078990_15.png,masks/22078990_15.png
images/22379035_15.png,masks/22379035_15.png
images/10528705_15.png,masks/10528705_15.png
images/12028735_15.png,masks/12028735_15.png
images/22229380_15.png,masks/22229380_15.png
images/26578795_15.png,masks/26578795_15.png
images/21478990_15.png,masks/21478990_15.png
images/10378720_15.png,masks/10378720_15.png
images/11278735_15.png,masks/11278735_15.png
images/10378735_15.png,masks/10378735_15.png
images/23128915_15.png,masks/23128915_15.png
images/26278705_15.png,masks/26278705_15.png
images/19828900_15.png,masks/19828900_15.png
images/22528960_15.png,masks/22528960_15.png
images/24929230_15.png,masks/24929230_15.png
images/20728930_15.png,masks/20728930_15.png
images/20128975_15.png,masks/20128975_15.png
images/17728720_15.png,masks/17728720_15.png
images/22979020_15.png,masks/22979020_15.png
images/26578675_15.png,masks/26578675_15.png
images/19978660_15.png,masks/19978660_15.png
images/22229080_15.png,masks/22229080_15.png
images/18628795_15.png,masks/18628795_15.png
images/15928945_15.png,masks/15928945_15.png
images/11728765_15.png,masks/11728765_15.png
images/22978870_15.png,masks/22978870_15.png
images/19678660_15.png,masks/19678660_15.png
images/22679080_15.png,masks/22679080_15.png
images/11878720_15.png,masks/11878720_15.png
images/15928825_15.png,masks/15928825_15.png
images/18778765_15.png,masks/18778765_15.png
images/25979230_15.png,masks/25979230_15.png
images/24179005_15.png,masks/24179005_15.png
images/12628735_15.png,masks/12628735_15.png
images/18028870_15.png,masks/18028870_15.png
images/18328930_15.png,masks/18328930_15.png
images/22528915_15.png,masks/22528915_15.png
images/24779290_15.png,masks/24779290_15.png
images/25379290_15.png,masks/25379290_15.png
images/18178750_15.png,masks/18178750_15.png
images/20729005_15.png,masks/20729005_15.png
images/21329035_15.png,masks/21329035_15.png
images/24329215_15.png,masks/24329215_15.png
images/24328780_15.png,masks/24328780_15.png
images/15778885_15.png,masks/15778885_15.png
images/16978870_15.png,masks/16978870_15.png
images/23878510_15.png,masks/23878510_15.png
images/10978720_15.png,masks/10978720_15.png
images/22379005_15.png,masks/22379005_15.png
images/24179065_15.png,masks/24179065_15.png
images/23129005_15.png,masks/23129005_15.png
images/23279050_15.png,masks/23279050_15.png
images/27028720_15.png,masks/27028720_15.png
images/10828660_15.png,masks/10828660_15.png
images/17578750_15.png,masks/17578750_15.png
images/11578690_15.png,masks/11578690_15.png
images/11578720_15.png,masks/11578720_15.png
images/18778720_15.png,masks/18778720_15.png
images/22079065_15.png,masks/22079065_15.png
images/23578495_15.png,masks/23578495_15.png
images/23878975_15.png,masks/23878975_15.png
images/11278870_15.png,masks/11278870_15.png
images/22078960_15.png,masks/22078960_15.png
images/10528675_15.png,masks/10528675_15.png
images/23578945_15.png,masks/23578945_15.png
images/19978930_15.png,masks/19978930_15.png
images/15778900_15.png,masks/15778900_15.png
images/20129005_15.png,masks/20129005_15.png
images/18178735_15.png,masks/18178735_15.png
images/24178480_15.png,masks/24178480_15.png
images/24629305_15.png,masks/24629305_15.png
images/23728495_15.png,masks/23728495_15.png
images/17728915_15.png,masks/17728915_15.png
